year,import_country_iso3,export_country_iso3,value,quantity
2020,GEO,AZE,15.441,       14.029
2020,IRN,AZE,24.201,       45.573
2020,LUX,AZE,5.668,        1.020
2020,NLD,AZE,0.053,        0.020
2020,TUR,AZE,84.792,      153.560
2020,TKM,AZE,18.751,       36.000
2020,UKR,AZE,0.012,        0.005
2020,BRA,ARG,871.521,     1559.751
2020,NZL,AUS,912.741,      590.983
2020,VNM,AUS,11.117,        4.684
2020,THA,AUS,0.003,        0.007
2020,USA,AUS,15.935,       12.554
2020,ALB,AUT,944.077,      806.793
2020,AZE,AUT,43.418,       34.224
2020,AUS,AUT,2.37,        3.604
2020,BEL,AUT,1128.562,      831.182
2020,BIH,AUT,2.209,        2.784
2020,BGR,AUT,28.848,       51.734
2020,CHL,AUT,2.52,        2.976
2020,CHN,AUT,0.064,        0.030
2020,COL,AUT,0.099,        0.036
2020,CRI,AUT,66.335,       23.608
2020,HRV,AUT,23.511,       13.372
2020,CYP,AUT,1.057,        0.699
2020,CZE,AUT,4.566,        7.026
2020,FRA,AUT,6171.496,     1408.798
2020,DEU,AUT,12556.416,     4462.492
2020,GRC,AUT,127.435,       41.048
2020,GTM,AUT,3.907,        0.946
2020,HUN,AUT,2998.432,     1176.000
2020,IRN,AUT,0.147,        0.173
2020,ISR,AUT,0.078,        0.028
2020,ITA,AUT,26921.61,     9111.096
2020,KOR,AUT,2.424,        1.396
2020,MAC,AUT,1.513,        0.960
2020,MRT,AUT,7.887,        1.890
2020,MEX,AUT,0.896,        0.911
2020,MAR,AUT,7924.015,     6074.380
2020,NLD,AUT,11502.442,     6329.062
2020,NER,AUT,0.126,        0.070
2020,PAN,AUT,0.569,        0.288
2020,PRY,AUT,0.046,        0.020
2020,PER,AUT,119.503,       15.946
2020,POL,AUT,587.709,      479.634
2020,PRT,AUT,185.154,      153.525
2020,SAU,AUT,0.168,        0.046
2020,SEN,AUT,4.36,        1.420
2020,SRB,AUT,7.868,        8.260
2020,SVK,AUT,19.389,       12.967
2020,SVN,AUT,1273.634,      497.124
2020,ZAF,AUT,0.01,        0.003
2020,ESP,AUT,13750.679,     9724.585
2020,SWE,AUT,0.146,        0.025
2020,CHE,AUT,75.149,       70.270
2020,THA,AUT,1.389,        1.802
2020,TUN,AUT,652.848,      141.552
2020,TUR,AUT,1230.706,     2647.284
2020,UKR,AUT,2.797,        1.164
2020,MKD,AUT,1.075,        0.934
2020,EGY,AUT,8.289,        3.641
2020,GEO,ARM,199.104,      114.444
2020,IRN,ARM,257.549,      237.178
2020,TUR,ARM,1913.918,     1727.197
2020,UZB,ARM,0.071,        0.118
2020,BRA,BRB,0.859,        0.594
2020,NLD,BRB,17.313,        2.500
2020,TTO,BRB,50.202,       16.146
2020,GBR,BRB,0.598,        0.124
2020,USA,BRB,315.623,      242.499
2020,AUT,BEL,74.893,       26.896
2020,BRA,BEL,1.404,        0.797
2020,BGR,BEL,59.684,       16.650
2020,DNK,BEL,152.03,      149.482
2020,FRA,BEL,12878.674,     9100.870
2020,DEU,BEL,394.984,      906.929
2020,GRC,BEL,43.049,       46.516
2020,ITA,BEL,734.369,      515.007
2020,LVA,BEL,0.003,        0.003
2020,LUX,BEL,111.677,       25.205
2020,MAR,BEL,825.067,      777.079
2020,MOZ,BEL,1.56,        0.061
2020,NLD,BEL,57719.964,    35000.979
2020,POL,BEL,174.49,       88.947
2020,PRT,BEL,61.34,       62.980
2020,ROU,BEL,9.283,        5.790
2020,SEN,BEL,105.162,       54.060
2020,ESP,BEL,17430.605,     8615.873
2020,CHE,BEL,11.563,        7.153
2020,TUR,BEL,110.004,       73.008
2020,GBR,BEL,42.706,       16.678
2020,PER,BOL,5.21,     1139.532
2020,ALB,BIH,3708.927,     7489.330
2020,BEL,BIH,35.916,       63.295
2020,BRA,BIH,0.57,        0.584
2020,HRV,BIH,52.078,       71.436
2020,FRA,BIH,3.883,        3.600
2020,ITA,BIH,137.965,      160.293
2020,MNE,BIH,4.565,       12.224
2020,MAR,BIH,12.452,       14.556
2020,NLD,BIH,819.657,     1592.700
2020,POL,BIH,28.126,       79.200
2020,SRB,BIH,321.084,      949.859
2020,SVN,BIH,225.055,      380.420
2020,ESP,BIH,48.125,       44.157
2020,TUR,BIH,3189.19,     7194.239
2020,MKD,BIH,349.98,     1155.587
2020,LSO,BWA,0.771,        0.940
2020,NAM,BWA,3.43,        0.880
2020,ZAF,BWA,3182.348,     5385.695
2020,USA,BWA,0.078,        0.001
2020,ARG,BRA,244.509,      292.800
2020,USA,BRA,13.068,       13.104
2020,AUS,BRN,270.819,       37.315
2020,CHN,BRN,38.752,       23.711
2020,MYS,BRN,1030.284,     2054.226
2020,,BRN,0.918,        0.108
2020,NLD,BRN,2.022,        0.274
2020,IND,BRN,1.899,        1.829
2020,SGP,BRN,4.405,        2.910
2020,THA,BRN,11.068,        2.038
2020,ALB,BGR,1204.644,     3581.201
2020,AUT,BGR,98.261,       92.460
2020,BEL,BGR,0.857,        0.632
2020,BRA,BGR,0.219,        0.240
2020,HRV,BGR,52.62,       79.200
2020,CZE,BGR,265.807,      206.380
2020,FRA,BGR,37.453,       53.873
2020,DEU,BGR,4462.888,     3039.393
2020,GRC,BGR,5406.224,    23978.175
2020,HUN,BGR,200.553,      153.366
2020,IRN,BGR,1.036,        1.113
2020,ITA,BGR,46.286,       22.239
2020,NLD,BGR,1893.262,      522.758
2020,POL,BGR,2599.823,     7200.975
2020,ROU,BGR,27.866,       30.298
2020,SRB,BGR,69.102,      230.231
2020,SVK,BGR,433.811,      121.259
2020,ESP,BGR,495.109,      342.478
2020,TUR,BGR,36791.717,    44944.642
2020,UKR,BGR,0.203,        0.119
2020,MKD,BGR,554.612,     1277.116
2020,GBR,BGR,0.487,        0.500
2020,JPN,MMR,0.073,        0.003
2020,SGP,MMR,5.87,        1.680
2020,THA,MMR,94.264,      286.364
2020,ALB,BLR,20.871,       17.300
2020,AZE,BLR,628.282,      771.829
2020,ARM,BLR,577.123,      526.483
2020,BEL,BLR,965.548,     1429.121
2020,BGR,BLR,26.092,        6.950
2020,CHL,BLR,0.186,        0.176
2020,FRA,BLR,20.981,        9.259
2020,GEO,BLR,112.98,      108.350
2020,GRC,BLR,89.804,       61.412
2020,IRN,BLR,18.589,       12.200
2020,ITA,BLR,73.288,       33.930
2020,KOR,BLR,0.06,        0.012
2020,LTU,BLR,2747.964,      443.298
2020,MDA,BLR,42.052,       40.000
2020,MAR,BLR,1609.662,      977.126
2020,NLD,BLR,7712.567,     9125.520
2020,POL,BLR,6161.827,     7206.074
2020,PRT,BLR,30.172,       42.517
2020,RUS,BLR,1446.248,     1497.136
2020,SEN,BLR,514.544,      224.519
2020,ESP,BLR,2511.013,     3953.897
2020,TUN,BLR,177.106,      138.358
2020,TUR,BLR,24164.7,    16978.565
2020,UKR,BLR,1026.163,     1479.685
2020,EGY,BLR,8.449,        5.081
2020,UZB,BLR,56.15,       84.801
2020,CHN,KHM,0.422,        0.584
2020,JPN,KHM,1.859,        0.856
2020,MYS,KHM,0.001,        0.004
2020,SGP,KHM,0.556,        0.070
2020,VNM,KHM,2.537,        1.588
2020,THA,KHM,71.658,       55.070
2020,DZA,CAN,0.554,        0.400
2020,BRA,CAN,0.024,        0.030
2020,MMR,CAN,0.051,        0.056
2020,CHN,CAN,0.025,        0.005
2020,COL,CAN,1.133,        0.128
2020,CRI,CAN,0.074,        0.034
2020,DOM,CAN,39.689,       38.102
2020,GHA,CAN,2.488,        1.250
2020,GTM,CAN,1045.1,      563.762
2020,HND,CAN,0.518,        0.267
2020,ITA,CAN,5.575,        1.632
2020,MEX,CAN,213730.803,   132447.496
2020,MAR,CAN,7.897,       25.000
2020,NLD,CAN,106.049,       14.839
2020,NZL,CAN,631.323,      423.661
2020,ESP,CAN,20.53,       14.213
2020,TUN,CAN,1.947,        0.608
2020,UKR,CAN,0.074,        0.021
2020,USA,CAN,86354.015,    64130.679
2020,AUS,LKA,0.793,        0.064
2020,BRA,LKA,0.038,        0.100
2020,NLD,LKA,25.93,        1.871
2020,ESP,LKA,2.667,        0.250
2020,UKR,LKA,0.025,        0.003
2020,BRA,CHL,0.789,        0.708
2020,PER,CHL,1213.783,     3298.466
2020,USA,CHL,0.015,        0.001
2020,BRA,CHN,4.495,        3.941
2020,CAN,CHN,92.253,       55.019
2020,IDN,CHN,0.021,        0.048
2020,MOZ,CHN,0.37,        3.088
2020,IND,CHN,0.027,        0.050
2020,UKR,CHN,0.864,        0.359
2020,USA,CHN,863.153,      494.641
2020,BRA,COL,0.012,        0.030
2020,CRI,COL,9.599,       10.023
2020,DOM,COL,0.01,        0.010
2020,USA,COL,7.532,        3.571
2020,BRA,COM,0.045,        0.040
2020,MDG,COM,2.524,        5.110
2020,ARE,COM,3.675,        2.500
2020,UKR,COM,0.094,        0.033
2020,FRA,COG,11.892,        5.724
2020,LBN,COG,0.066,        0.050
2020,MEX,CRI,90.125,       61.397
2020,NIC,CRI,7.769,       13.323
2020,USA,CRI,86.148,       59.523
2020,ALB,HRV,1401.462,     1786.705
2020,AUT,HRV,0.628,        0.514
2020,BEL,HRV,284.751,      536.607
2020,BIH,HRV,91.823,      757.872
2020,BRA,HRV,0.182,        0.097
2020,BGR,HRV,10.414,        6.720
2020,CZE,HRV,41.565,       47.779
2020,DEU,HRV,2070.583,      825.890
2020,GRC,HRV,6.551,        6.533
2020,HUN,HRV,0.433,        0.169
2020,IRL,HRV,3.912,        3.555
2020,ITA,HRV,2486.008,     1945.265
2020,MNE,HRV,0.201,        0.125
2020,MOZ,HRV,0.063,        0.040
2020,NLD,HRV,3378.828,     4184.868
2020,POL,HRV,181.139,      244.675
2020,ROU,HRV,0.139,        0.380
2020,SRB,HRV,110.176,      168.515
2020,SVK,HRV,19.38,        4.530
2020,SVN,HRV,557.134,      630.493
2020,ESP,HRV,2104.816,     1347.907
2020,TUR,HRV,458.821,      459.936
2020,MKD,HRV,268.064,      315.168
2020,BEL,CYP,8.179,        2.139
2020,BRA,CYP,14.001,       12.720
2020,BGR,CYP,3.356,        1.994
2020,DNK,CYP,0.029,        0.012
2020,FRA,CYP,0.145,        0.055
2020,DEU,CYP,5.129,        8.057
2020,GRC,CYP,1416.91,      969.044
2020,ISR,CYP,1.0,        0.626
2020,ITA,CYP,4.293,        2.504
2020,MNE,CYP,0.458,        0.296
2020,MAR,CYP,0.047,        0.010
2020,MOZ,CYP,0.098,        0.080
2020,NLD,CYP,428.395,      279.747
2020,POL,CYP,12.762,       19.968
2020,PRT,CYP,4.177,        5.148
2020,TUR,CYP,367.366,      772.392
2020,UKR,CYP,2.183,        1.207
2020,EGY,CYP,9.973,        9.750
2020,ALB,CZE,147.636,      169.785
2020,AUT,CZE,927.496,      251.401
2020,BEL,CZE,4660.65,     4748.662
2020,BIH,CZE,0.046,        0.048
2020,BGR,CZE,240.015,      221.838
2020,CRI,CZE,1.331,        0.528
2020,HRV,CZE,1173.655,     1054.046
2020,DNK,CZE,0.179,        0.074
2020,SLV,CZE,95.463,       63.076
2020,ETH,CZE,12.005,       12.692
2020,FRA,CZE,16171.752,     3534.103
2020,DEU,CZE,2151.746,     3618.828
2020,GRC,CZE,3.3,        0.972
2020,HUN,CZE,166.441,      118.316
2020,IRL,CZE,0.471,        0.162
2020,ITA,CZE,3102.062,     1208.316
2020,KGZ,CZE,27.031,        9.301
2020,LUX,CZE,20.641,        6.704
2020,MAR,CZE,28627.61,    17001.674
2020,NAM,CZE,11.129,       15.984
2020,NLD,CZE,25659.219,    21223.318
2020,POL,CZE,3254.217,     3741.781
2020,PRT,CZE,133.021,       42.515
2020,ROU,CZE,2.06,        1.226
2020,SEN,CZE,695.202,      394.873
2020,IND,CZE,2.702,        1.680
2020,SVK,CZE,3831.396,     1606.445
2020,ESP,CZE,21993.971,    17865.391
2020,TUN,CZE,141.877,      117.858
2020,TUR,CZE,66.931,      474.731
2020,MKD,CZE,2.831,       20.351
2020,EGY,CZE,169.056,       98.553
2020,GBR,CZE,71.145,       15.610
2020,BEL,DNK,849.351,      324.773
2020,BRA,DNK,9.585,        5.599
2020,EST,DNK,6.851,        1.358
2020,FIN,DNK,0.21,        0.098
2020,FRA,DNK,2557.231,     2083.328
2020,DEU,DNK,3398.943,     1801.005
2020,GRC,DNK,60.777,       30.360
2020,HUN,DNK,3.94,        1.843
2020,ISL,DNK,2.022,        0.953
2020,IRL,DNK,9.275,        4.328
2020,ITA,DNK,4837.361,     1655.519
2020,LVA,DNK,19.962,        7.200
2020,LTU,DNK,6.542,        2.950
2020,MAR,DNK,921.444,      495.270
2020,MOZ,DNK,0.283,        0.109
2020,NAM,DNK,0.026,        0.016
2020,NLD,DNK,43703.526,    20795.475
2020,POL,DNK,121.523,      103.318
2020,PRT,DNK,43.303,       29.632
2020,ROU,DNK,0.481,        0.331
2020,SVK,DNK,0.471,        0.220
2020,SVN,DNK,0.673,        0.314
2020,ESP,DNK,18879.073,     9013.600
2020,SWE,DNK,688.919,      145.254
2020,THA,DNK,0.021,        0.002
2020,TUN,DNK,37.656,       25.170
2020,TUR,DNK,6.978,        7.268
2020,UKR,DNK,0.047,        0.030
2020,GBR,DNK,67.49,        9.696
2020,USA,DNK,4.18,        3.570
2020,ITA,DOM,0.299,        0.214
2020,USA,DOM,5.37,        0.706
2020,GTM,SLV,7799.292,    56605.829
2020,HND,SLV,9605.359,    61217.470
2020,MEX,SLV,118.749,      134.755
2020,NIC,SLV,69.374,      528.368
2020,ZAF,ETH,4.611,        1.744
2020,ALB,EST,11.528,       10.872
2020,AZE,EST,25.138,       33.514
2020,AUT,EST,59.882,       49.519
2020,BEL,EST,210.81,      168.331
2020,BLR,EST,19.4,       27.000
2020,CHL,EST,0.068,        0.077
2020,DNK,EST,0.598,        0.247
2020,FIN,EST,847.093,      349.775
2020,FRA,EST,159.949,      154.474
2020,DEU,EST,17.218,        6.611
2020,ITA,EST,41.672,       41.850
2020,LVA,EST,4803.646,     1340.718
2020,LTU,EST,521.542,      471.429
2020,MNE,EST,0.038,        0.020
2020,MAR,EST,2708.308,     1437.011
2020,NLD,EST,8546.537,     6072.348
2020,POL,EST,167.727,      135.823
2020,PRT,EST,13.199,       10.272
2020,SEN,EST,190.713,      109.424
2020,ZAF,EST,51.195,       16.075
2020,ESP,EST,2861.786,     3141.679
2020,TUN,EST,58.509,       42.939
2020,TUR,EST,83.62,       72.638
2020,UKR,EST,354.892,      374.313
2020,EGY,EST,9.264,        5.922
2020,GBR,EST,6.29,        4.450
2020,BEL,FIN,425.892,      240.744
2020,DNK,FIN,10.06,        6.471
2020,EST,FIN,52.861,       32.790
2020,FRA,FIN,10085.844,     4748.849
2020,DEU,FIN,10623.674,     3319.320
2020,ITA,FIN,45.632,       55.215
2020,LVA,FIN,0.005,        0.003
2020,MAR,FIN,1090.774,      637.298
2020,NLD,FIN,25269.202,    13529.600
2020,POL,FIN,459.359,      367.611
2020,PRT,FIN,3.936,        0.413
2020,SEN,FIN,393.468,      218.935
2020,ESP,FIN,21361.477,     8601.930
2020,SWE,FIN,13.31,        6.197
2020,TUN,FIN,7.825,        0.416
2020,TUR,FIN,2.223,        1.461
2020,EGY,FIN,12.608,        0.178
2020,ALB,FRA,19.573,       22.959
2020,AUT,FRA,68.301,       61.595
2020,BEL,FRA,59029.304,    48431.193
2020,BRA,FRA,1.943,        1.078
2020,BGR,FRA,8.396,        4.264
2020,CAN,FRA,70.152,       36.810
2020,COL,FRA,60.871,       41.714
2020,CRI,FRA,45.731,       30.683
2020,CZE,FRA,21.274,       17.619
2020,DNK,FRA,5.301,        4.220
2020,DOM,FRA,1770.379,     1760.270
2020,EST,FRA,0.021,        0.036
2020,DEU,FRA,829.853,      862.202
2020,GRC,FRA,21.09,        5.591
2020,GUY,FRA,0.03,        0.020
2020,ITA,FRA,8215.754,     5199.790
2020,LVA,FRA,18.212,       20.880
2020,LTU,FRA,0.001,        0.001
2020,LUX,FRA,276.001,      215.267
2020,MDG,FRA,6.006,        3.292
2020,MAR,FRA,457290.289,   327783.352
2020,MOZ,FRA,0.026,        0.015
2020,NLD,FRA,29989.408,    30093.443
2020,POL,FRA,2239.735,     2275.673
2020,PRT,FRA,986.459,     1112.358
2020,ROU,FRA,21.163,       13.563
2020,SEN,FRA,1187.226,      611.341
2020,SRB,FRA,4.177,        5.117
2020,ESP,FRA,130990.686,    94774.398
2020,CHE,FRA,2.416,        4.334
2020,ARE,FRA,11.708,        9.000
2020,TUN,FRA,16315.215,     5400.880
2020,TUR,FRA,114.229,       57.810
2020,UKR,FRA,0.578,        0.193
2020,EGY,FRA,5.907,        0.951
2020,GBR,FRA,276.466,      115.882
2020,AUS,PYF,1.691,        0.650
2020,FRA,PYF,0.974,        0.073
2020,NZL,PYF,76.117,       15.491
2020,USA,PYF,22.009,       17.399
2020,AZE,GEO,108.929,      330.452
2020,IRN,GEO,18.217,       50.055
2020,NLD,GEO,1.601,        0.192
2020,RUS,GEO,9.8,      344.545
2020,TUR,GEO,4981.123,    14325.196
2020,UKR,GEO,7.421,        5.101
2020,ALB,DEU,56.406,       39.872
2020,ARG,DEU,0.619,        0.280
2020,AUS,DEU,8.778,        7.200
2020,AUT,DEU,538.001,      546.967
2020,BEL,DEU,108017.159,    66255.572
2020,BIH,DEU,0.99,        1.799
2020,BRA,DEU,2.532,        1.966
2020,BGR,DEU,1273.519,      237.558
2020,BLR,DEU,4.244,        2.112
2020,CAN,DEU,13.558,       12.054
2020,CHL,DEU,0.111,        0.027
2020,CHN,DEU,47.227,       16.747
2020,COL,DEU,1.671,        0.429
2020,HRV,DEU,1684.557,     1279.813
2020,CZE,DEU,22.894,        5.348
2020,DNK,DEU,31.154,       11.769
2020,DOM,DEU,2.696,        1.366
2020,ECU,DEU,2.676,        4.104
2020,FRA,DEU,128728.749,    26970.275
2020,GRC,DEU,119.93,       88.961
2020,HUN,DEU,130.307,      161.386
2020,IRL,DEU,15.698,        5.104
2020,ISR,DEU,16.915,        4.475
2020,ITA,DEU,41076.843,    20543.131
2020,LTU,DEU,4.393,        2.540
2020,LUX,DEU,157.45,       19.311
2020,MAC,DEU,715.88,      390.362
2020,MLT,DEU,1.192,        0.495
2020,MRT,DEU,63.277,       64.024
2020,MEX,DEU,17.002,       10.125
2020,MAR,DEU,76825.469,    40122.276
2020,MOZ,DEU,0.16,        0.098
2020,NLD,DEU,873307.361,   384610.424
2020,NZL,DEU,1.517,        0.620
2020,PRY,DEU,0.123,        0.215
2020,PER,DEU,23.168,       11.145
2020,POL,DEU,13980.554,    14742.474
2020,PRT,DEU,295.323,      263.098
2020,ROU,DEU,10.079,       21.464
2020,RUS,DEU,0.764,        0.208
2020,SAU,DEU,231.326,      159.833
2020,SEN,DEU,2185.638,     1050.576
2020,SRB,DEU,6.757,       10.234
2020,IND,DEU,0.269,        0.108
2020,SVK,DEU,101.819,       43.557
2020,SVN,DEU,7.485,        6.578
2020,ZAF,DEU,76.802,       47.509
2020,ESP,DEU,338916.579,   173420.592
2020,SUR,DEU,0.018,        0.004
2020,SWE,DEU,195.463,       31.012
2020,CHE,DEU,1.651,        0.246
2020,THA,DEU,24.093,        3.956
2020,ARE,DEU,0.266,        0.241
2020,TUN,DEU,27087.588,     7963.744
2020,TUR,DEU,9410.651,     7717.656
2020,UKR,DEU,0.729,        0.289
2020,EGY,DEU,120.759,       64.738
2020,GBR,DEU,3.248,        1.076
2020,USA,DEU,8.398,        3.225
2020,BFA,DEU,0.029,        0.012
2020,UZB,DEU,2.239,        0.712
2020,ALB,GRC,1726.665,     4040.205
2020,AUT,GRC,0.071,        0.030
2020,BEL,GRC,1571.498,     1066.663
2020,BIH,GRC,24.27,       19.434
2020,BRA,GRC,15.935,       14.410
2020,BGR,GRC,214.759,      276.605
2020,CYP,GRC,348.668,      166.818
2020,FRA,GRC,10.745,        9.041
2020,DEU,GRC,619.981,      735.229
2020,HUN,GRC,12.711,       13.104
2020,ITA,GRC,555.212,      369.834
2020,MOZ,GRC,0.149,        0.115
2020,NAM,GRC,0.054,        0.040
2020,NLD,GRC,1492.444,     1264.109
2020,POL,GRC,2441.112,     2701.508
2020,RUS,GRC,0.158,        0.085
2020,SRB,GRC,784.992,     1113.222
2020,ESP,GRC,231.064,       86.531
2020,TUR,GRC,758.983,     1102.444
2020,UKR,GRC,0.955,        0.451
2020,MKD,GRC,163.837,      441.851
2020,GBR,GRC,210.11,      148.232
2020,CRI,GTM,16.915,       15.620
2020,HND,GTM,12.276,      218.700
2020,MEX,GTM,174.771,      173.600
2020,AZE,HKG,0.24,        0.300
2020,AUS,HKG,559.363,      110.909
2020,BRA,HKG,41.331,       31.848
2020,CAN,HKG,11.134,       11.518
2020,CHN,HKG,110323.453,    25310.305
2020,FRA,HKG,254.811,       48.291
2020,GEO,HKG,2.156,        1.195
2020,IDN,HKG,0.01,        0.010
2020,ISR,HKG,620.227,      118.058
2020,ITA,HKG,24.827,       26.545
2020,JPN,HKG,963.685,      119.538
2020,KOR,HKG,345.785,       57.164
2020,MYS,HKG,305.397,       70.959
2020,,HKG,218.926,       25.118
2020,MOZ,HKG,0.087,        0.062
2020,NLD,HKG,7644.713,     1188.814
2020,NZL,HKG,777.15,      110.246
2020,SVK,HKG,1.656,        0.128
2020,ESP,HKG,17.495,        3.044
2020,THA,HKG,103.896,       67.752
2020,TUR,HKG,10.565,        2.255
2020,UKR,HKG,0.95,        0.383
2020,GBR,HKG,368.01,       69.809
2020,USA,HKG,265.183,       30.640
2020,ALB,HUN,12.784,       13.513
2020,AUT,HUN,2029.552,     1101.512
2020,BEL,HUN,30.36,       18.000
2020,BGR,HUN,674.173,      445.248
2020,HRV,HUN,26.225,       10.606
2020,CZE,HUN,486.582,      225.236
2020,FRA,HUN,57.82,       11.256
2020,DEU,HUN,801.851,     1502.464
2020,GRC,HUN,38.749,       25.425
2020,ITA,HUN,1204.185,      544.369
2020,MAR,HUN,11.178,        9.642
2020,NLD,HUN,3237.06,     1712.872
2020,POL,HUN,258.592,      269.334
2020,PRT,HUN,77.566,       67.000
2020,ROU,HUN,16.353,       10.139
2020,SVK,HUN,5847.875,     3009.025
2020,SVN,HUN,34.603,       19.315
2020,ESP,HUN,11726.352,     7656.548
2020,TUR,HUN,2412.107,     1752.198
2020,MKD,HUN,54.416,       48.000
2020,BEL,ISL,108.83,       54.210
2020,BRA,ISL,0.129,        0.160
2020,CHN,ISL,0.014,        0.006
2020,DNK,ISL,137.027,       17.781
2020,FRA,ISL,8.673,        2.129
2020,IRL,ISL,2.189,        0.875
2020,ITA,ISL,22.148,        7.595
2020,MEX,ISL,8.532,        1.540
2020,MAR,ISL,240.956,       87.775
2020,NLD,ISL,1458.439,      680.811
2020,POL,ISL,0.424,        0.141
2020,SEN,ISL,20.297,        6.930
2020,ESP,ISL,691.294,      397.103
2020,TUN,ISL,125.567,       27.134
2020,GBR,ISL,0.034,        0.002
2020,USA,ISL,0.014,        0.001
2020,AUS,IDN,3.805,        0.800
2020,BRA,IDN,0.041,        0.020
2020,CHN,IDN,0.563,        0.376
2020,,IDN,7.725,        1.194
2020,SGP,IDN,0.376,        0.058
2020,BEL,IRL,47.323,       48.688
2020,BRA,IRL,0.013,        0.009
2020,CHN,IRL,0.745,        0.900
2020,COL,IRL,4.746,        0.636
2020,DNK,IRL,81.786,       52.623
2020,FRA,IRL,299.0,      273.719
2020,DEU,IRL,151.923,      922.808
2020,ISR,IRL,97.744,       89.834
2020,ITA,IRL,1514.674,      428.555
2020,LTU,IRL,0.603,        0.480
2020,MAC,IRL,137.843,       95.155
2020,MLT,IRL,72.169,       50.248
2020,MAR,IRL,548.225,      431.170
2020,OMN,IRL,0.553,        0.127
2020,NLD,IRL,26896.547,    13218.560
2020,POL,IRL,556.007,      241.005
2020,ROU,IRL,0.039,        0.032
2020,SEN,IRL,19.213,        7.422
2020,ZAF,IRL,2.341,        1.170
2020,ESP,IRL,12734.501,     6961.871
2020,SWE,IRL,19.205,        5.040
2020,THA,IRL,8.35,        6.068
2020,TUN,IRL,11.81,        8.788
2020,TUR,IRL,2.593,        1.600
2020,EGY,IRL,31.542,       14.310
2020,GBR,IRL,5836.106,     1906.585
2020,USA,IRL,0.04,        0.009
2020,NLD,ISR,14.757,        8.165
2020,TUR,ISR,25430.016,    18049.316
2020,ALB,ITA,4383.615,     5600.608
2020,AUT,ITA,685.747,      140.190
2020,BEL,ITA,8286.906,     5496.678
2020,BRA,ITA,2.197,        1.387
2020,BGR,ITA,3.041,        3.063
2020,HRV,ITA,285.029,      249.370
2020,CZE,ITA,0.629,        0.394
2020,DNK,ITA,203.331,      119.239
2020,FRA,ITA,15709.294,    15054.502
2020,DEU,ITA,13922.592,     8367.321
2020,GRC,ITA,115.167,       88.059
2020,HUN,ITA,421.57,      377.769
2020,LTU,ITA,3.852,        4.821
2020,MNE,ITA,0.413,        0.246
2020,MAR,ITA,4800.254,     3574.009
2020,MOZ,ITA,0.059,        0.040
2020,NLD,ITA,47728.544,    48288.755
2020,PER,ITA,2.011,        0.579
2020,POL,ITA,1607.035,     1603.755
2020,PRT,ITA,71.131,       56.458
2020,ROU,ITA,91.325,       98.431
2020,SVK,ITA,214.14,      301.818
2020,SVN,ITA,145.43,      179.698
2020,ESP,ITA,42466.828,    33749.870
2020,ARE,ITA,1.32,        0.550
2020,TUN,ITA,1905.439,     1590.570
2020,TUR,ITA,296.663,      216.087
2020,UKR,ITA,0.099,        0.057
2020,GBR,ITA,1457.017,      433.196
2020,CAN,JAM,51.75,       23.411
2020,DOM,JAM,74.562,       68.237
2020,PER,JAM,1.887,        0.827
2020,USA,JAM,13.753,       31.026
2020,BRA,JPN,3.669,        3.629
2020,CAN,JPN,3482.063,      699.507
2020,KOR,JPN,12015.339,     4091.957
2020,MEX,JPN,4866.381,      981.236
2020,NAM,JPN,0.01,        0.005
2020,NLD,JPN,4874.313,      624.995
2020,NZL,JPN,3322.508,     1328.185
2020,PRT,JPN,0.024,        0.020
2020,RUS,JPN,0.955,        0.514
2020,UKR,JPN,0.149,        0.070
2020,USA,JPN,4041.828,     1088.178
2020,AZE,KAZ,738.176,     1320.474
2020,CHN,KAZ,2649.381,     2086.267
2020,IRN,KAZ,489.295,      512.336
2020,KGZ,KAZ,74.734,      155.540
2020,LTU,KAZ,4.347,        2.034
2020,MAR,KAZ,1.941,        1.039
2020,NLD,KAZ,153.419,        4.756
2020,PAK,KAZ,10.341,       41.810
2020,RUS,KAZ,235.566,      570.914
2020,ESP,KAZ,2.513,        0.858
2020,TUR,KAZ,327.765,      654.202
2020,TKM,KAZ,9523.201,     9104.523
2020,UKR,KAZ,1.184,        0.114
2020,UZB,KAZ,23444.895,    46259.886
2020,BRA,JOR,0.121,        0.145
2020,ITA,JOR,0.125,        0.080
2020,NLD,JOR,63.958,        3.950
2020,ESP,JOR,0.712,        0.457
2020,ARE,JOR,1.394,        2.104
2020,ETH,KEN,149.811,     3362.200
2020,MAR,KEN,0.354,        0.133
2020,MOZ,KEN,0.196,        0.067
2020,NLD,KEN,1.426,        0.925
2020,ESP,KEN,0.41,        0.373
2020,ARE,KEN,35.96,       18.800
2020,UGA,KEN,7603.27,    20696.390
2020,USA,KEN,0.021,        0.014
2020,BRA,KOR,0.728,        0.611
2020,MMR,KOR,296.822,           NA
2020,CHN,KOR,4.584,        4.000
2020,UKR,KOR,0.145,        0.048
2020,USA,KOR,349.644,      286.189
2020,AZE,KWT,21.539,       56.886
2020,ARG,KWT,0.518,        0.964
2020,AUS,KWT,3.167,        6.023
2020,BEL,KWT,28.531,       54.774
2020,BRA,KWT,0.445,        0.827
2020,CHL,KWT,0.99,        1.898
2020,COL,KWT,1.08,        1.303
2020,DNK,KWT,0.577,        1.193
2020,ECU,KWT,0.693,        1.453
2020,FRA,KWT,8.447,       17.387
2020,PSE,KWT,36.117,       68.700
2020,DEU,KWT,3.798,        0.454
2020,IRN,KWT,231.042,      563.959
2020,ITA,KWT,4.76,        7.347
2020,JOR,KWT,21156.948,    17009.358
2020,KEN,KWT,1.195,        2.291
2020,LBN,KWT,973.489,     2554.846
2020,MYS,KWT,0.564,        1.168
2020,MEX,KWT,13.962,       25.460
2020,MAR,KWT,492.819,      828.460
2020,OMN,KWT,112.428,      255.453
2020,NLD,KWT,5576.824,     3853.009
2020,PAK,KWT,4.405,        6.500
2020,PER,KWT,0.619,        1.152
2020,POL,KWT,0.399,        0.819
2020,PRT,KWT,0.589,        1.084
2020,SAU,KWT,10.168,        9.222
2020,SEN,KWT,28.572,       50.012
2020,IND,KWT,114.309,      476.078
2020,ZAF,KWT,3.063,        5.629
2020,ESP,KWT,321.739,     1061.227
2020,SYR,KWT,2569.746,     6955.780
2020,THA,KWT,0.608,        1.256
2020,ARE,KWT,26.122,        3.136
2020,TUN,KWT,348.201,      429.007
2020,TUR,KWT,15.946,      162.762
2020,EGY,KWT,598.376,     1207.140
2020,USA,KWT,11.77,       21.014
2020,UZB,KWT,8.289,       24.717
2020,CHN,KGZ,63.615,       41.114
2020,IRN,KGZ,1.062,        1.415
2020,KAZ,KGZ,14.844,       28.000
2020,RUS,KGZ,22.363,       13.413
2020,TUR,KGZ,32.891,       57.350
2020,TKM,KGZ,3559.191,     3487.559
2020,UZB,KGZ,17837.279,    14473.866
2020,BEL,LBN,0.385,        0.052
2020,BRA,LBN,0.24,        0.250
2020,CHN,LBN,0.068,        0.022
2020,ITA,LBN,0.444,        0.129
2020,JOR,LBN,37.919,       28.083
2020,MAR,LBN,0.019,        0.003
2020,NLD,LBN,38.973,        1.594
2020,SEN,LBN,0.033,        0.009
2020,ZAF,LBN,0.989,        1.900
2020,ESP,LBN,2.345,        0.542
2020,SYR,LBN,2421.899,     4474.200
2020,TUR,LBN,27.11,       21.126
2020,UKR,LBN,0.102,        0.062
2020,USA,LBN,0.653,        0.094
2020,ALB,LVA,40.406,       48.886
2020,AUT,LVA,0.002,        0.001
2020,BEL,LVA,290.664,       97.927
2020,BRA,LVA,0.117,        0.055
2020,EST,LVA,287.057,      220.074
2020,FIN,LVA,75.928,       86.636
2020,FRA,LVA,309.489,      100.976
2020,DEU,LVA,25.653,       18.394
2020,GRC,LVA,10.627,        8.591
2020,ITA,LVA,196.681,      110.604
2020,LTU,LVA,2493.777,     1571.733
2020,NLD,LVA,12946.449,     8770.967
2020,POL,LVA,3033.041,     3071.621
2020,ROU,LVA,3.957,        3.121
2020,ESP,LVA,11822.867,     6742.634
2020,SWE,LVA,16.72,       12.000
2020,TUR,LVA,307.653,      353.101
2020,UKR,LVA,327.969,      348.900
2020,ALB,LTU,56.606,       59.699
2020,AUT,LTU,6.258,       10.589
2020,BEL,LTU,234.286,      199.306
2020,BGR,LTU,4.849,        4.069
2020,BLR,LTU,6.892,        4.500
2020,CZE,LTU,24.984,        8.919
2020,DNK,LTU,4.604,        4.392
2020,EST,LTU,131.203,       83.557
2020,FRA,LTU,450.182,      418.825
2020,GEO,LTU,11.89,       33.972
2020,DEU,LTU,857.575,     1759.746
2020,ITA,LTU,1321.946,      971.694
2020,LVA,LTU,3520.639,     1507.917
2020,MAR,LTU,12.462,        9.450
2020,NAM,LTU,0.053,        0.040
2020,NLD,LTU,17201.469,    13670.703
2020,POL,LTU,2315.324,     2642.501
2020,PRT,LTU,7.218,       17.188
2020,SVK,LTU,18.91,        7.007
2020,ESP,LTU,9688.107,     8567.076
2020,TUR,LTU,119.385,      143.583
2020,UKR,LTU,47.086,       58.874
2020,GBR,LTU,1.096,        0.720
2020,BEL,LUX,7476.87,     3422.416
2020,BRA,LUX,0.009,        0.005
2020,DNK,LUX,0.088,        0.036
2020,FRA,LUX,5519.612,     1758.068
2020,DEU,LUX,153.696,      121.117
2020,ITA,LUX,251.06,      100.010
2020,MAR,LUX,101.935,       31.043
2020,NLD,LUX,1247.183,      262.433
2020,POL,LUX,2.988,        1.280
2020,PRT,LUX,177.664,      133.030
2020,ROU,LUX,0.11,        0.090
2020,SEN,LUX,0.66,        0.124
2020,ESP,LUX,672.09,      300.499
2020,TUN,LUX,386.424,       66.307
2020,TUR,LUX,0.092,        0.085
2020,EGY,LUX,1.179,        0.150
2020,ZAF,MDG,0.666,        0.048
2020,ZAF,MWI,56.67,       35.977
2020,USA,MWI,0.393,        0.150
2020,AUS,MYS,68.322,       45.535
2020,BGD,MYS,0.33,        0.189
2020,BRA,MYS,0.319,        0.160
2020,CHL,MYS,0.152,        0.020
2020,CHN,MYS,97.488,       73.341
2020,FRA,MYS,0.127,        0.013
2020,IDN,MYS,6.07,       10.758
2020,JPN,MYS,38.224,       12.653
2020,KOR,MYS,15.254,        2.348
2020,MEX,MYS,16.013,        3.100
2020,,MYS,2.013,        0.300
2020,MOZ,MYS,0.04,        0.010
2020,NLD,MYS,51.685,       42.698
2020,PER,MYS,3.386,        0.470
2020,IND,MYS,0.017,        0.030
2020,SGP,MYS,16.754,        0.196
2020,VNM,MYS,321.195,      174.733
2020,ESP,MYS,0.856,        0.086
2020,THA,MYS,218.873,      849.139
2020,UKR,MYS,0.135,        0.030
2020,EGY,MYS,2.335,        1.706
2020,USA,MYS,64.265,       81.749
2020,BEL,MLT,51.495,       11.247
2020,BRA,MLT,25.74,       19.912
2020,BGR,MLT,0.795,        0.350
2020,FRA,MLT,46.938,       30.303
2020,DEU,MLT,0.862,        0.720
2020,GRC,MLT,0.059,        0.016
2020,ITA,MLT,1910.123,     1010.179
2020,NLD,MLT,445.894,      345.662
2020,SVK,MLT,1.129,        0.482
2020,ESP,MLT,78.854,       73.077
2020,TUR,MLT,0.059,        0.083
2020,UKR,MLT,1.373,        0.603
2020,EGY,MLT,9.001,        9.708
2020,GBR,MLT,1.893,        0.235
2020,DZA,MRT,632.773,       12.786
2020,MAR,MRT,5805.905,    21490.607
2020,NLD,MRT,15.842,       48.744
2020,SAU,MRT,13.986,       19.150
2020,SEN,MRT,32.532,       73.000
2020,ESP,MRT,55.986,       44.890
2020,EGY,MUS,28.135,       24.040
2020,BRA,,0.105,        0.101
2020,CAN,,305.047,       56.290
2020,KOR,,55.622,       26.424
2020,NZL,,9.457,        1.995
2020,VNM,,14.904,        9.333
2020,UKR,,0.062,        0.040
2020,USA,,10.286,       10.020
2020,ALB,MDA,23.12,       25.294
2020,AZE,MDA,9.085,       17.300
2020,BEL,MDA,555.223,      420.118
2020,FRA,MDA,19.27,       52.794
2020,DEU,MDA,13.373,        9.600
2020,GRC,MDA,18.289,       18.191
2020,ITA,MDA,76.07,       62.838
2020,MAR,MDA,51.723,       34.537
2020,NLD,MDA,2421.998,     2402.749
2020,POL,MDA,94.898,       73.714
2020,PRT,MDA,5.75,        2.367
2020,ROU,MDA,1015.585,      942.681
2020,RUS,MDA,82.638,      255.503
2020,SEN,MDA,0.215,        0.043
2020,SRB,MDA,23.646,       45.294
2020,SVK,MDA,0.779,        0.078
2020,ESP,MDA,357.746,      301.535
2020,TUN,MDA,5.848,        2.720
2020,TUR,MDA,8325.721,     9005.936
2020,UKR,MDA,1167.512,     6830.939
2020,EGY,MDA,0.161,        0.044
2020,ALB,MNE,2022.892,     2824.331
2020,BEL,MNE,0.555,        0.822
2020,BIH,MNE,10.577,       23.525
2020,BRA,MNE,0.136,        0.120
2020,HRV,MNE,5.642,        5.261
2020,GRC,MNE,41.386,       48.970
2020,ITA,MNE,167.252,       82.835
2020,MAR,MNE,6.949,        2.345
2020,NLD,MNE,132.418,      157.588
2020,POL,MNE,0.01,        0.006
2020,SEN,MNE,4.249,        0.960
2020,SRB,MNE,1393.996,     2410.812
2020,ESP,MNE,16.273,        9.605
2020,TUN,MNE,1.954,        0.420
2020,TUR,MNE,410.912,      481.434
2020,UKR,MNE,0.05,        0.030
2020,MKD,MNE,248.227,      449.498
2020,BRA,MAR,0.046,        0.035
2020,FRA,MAR,25.752,       32.495
2020,MLI,MAR,1.316,        4.400
2020,MRT,MAR,22.235,       95.800
2020,PAK,MAR,97.892,      137.500
2020,SEN,MAR,13.463,       59.150
2020,ESP,MAR,0.202,        0.116
2020,CHN,MOZ,241.792,      486.097
2020,FIN,MOZ,0.213,        0.168
2020,PRT,MOZ,0.429,        0.023
2020,ZAF,MOZ,1311.43,     1146.753
2020,ZWE,MOZ,4.852,       27.000
2020,ESP,MOZ,3.908,        5.118
2020,ARE,MOZ,10.034,        2.074
2020,BWA,NAM,1.221,        0.610
2020,ZAF,NAM,880.077,      946.860
2020,ALB,NLD,191.13,      191.785
2020,AZE,NLD,52.114,       34.224
2020,AUT,NLD,740.826,      705.841
2020,BEL,NLD,66539.934,    48835.469
2020,BRA,NLD,4.473,        1.419
2020,BGR,NLD,83.962,       35.134
2020,COL,NLD,4.592,        1.855
2020,HRV,NLD,45.316,       40.746
2020,CYP,NLD,13.408,        7.790
2020,CZE,NLD,116.048,       55.264
2020,DNK,NLD,1856.892,     1232.031
2020,DOM,NLD,57.454,       46.605
2020,EST,NLD,12.102,        6.809
2020,FIN,NLD,17.312,        9.204
2020,FRA,NLD,48418.4,    34350.478
2020,DEU,NLD,1575.114,     2733.134
2020,GRC,NLD,18.516,       15.226
2020,HUN,NLD,35.658,       20.443
2020,IRL,NLD,41.89,       24.913
2020,ITA,NLD,1540.661,     1239.410
2020,JPN,NLD,4.052,        3.437
2020,JOR,NLD,18.247,       15.141
2020,LBN,NLD,0.004,        0.007
2020,LVA,NLD,10.012,        6.511
2020,LTU,NLD,237.934,      181.262
2020,LUX,NLD,18.434,       14.095
2020,MLT,NLD,2.391,        1.366
2020,MEX,NLD,0.092,        0.080
2020,MAR,NLD,45604.339,    36152.825
2020,NOR,NLD,5.838,        3.024
2020,PER,NLD,0.244,        0.063
2020,POL,NLD,1453.9,     1401.197
2020,PRT,NLD,1538.289,     1409.051
2020,ROU,NLD,92.373,       39.687
2020,SEN,NLD,8250.751,     4549.572
2020,SVK,NLD,25.816,        9.742
2020,SVN,NLD,39.402,       22.558
2020,ESP,NLD,103766.077,    75874.544
2020,SWE,NLD,248.563,      254.833
2020,CHE,NLD,9.973,        4.090
2020,TUN,NLD,15220.814,    11070.200
2020,TUR,NLD,4822.056,     4448.483
2020,UKR,NLD,148.748,      109.314
2020,EGY,NLD,1087.28,      876.835
2020,GBR,NLD,563.665,      408.809
2020,AUS,NZL,272.618,       73.175
2020,FRA,NIC,0.022,        0.005
2020,GTM,NIC,200.877,       82.001
2020,DZA,NER,1.589,        2.952
2020,BEL,NER,0.66,        0.103
2020,CHN,NER,1.815,        2.460
2020,BEN,NER,0.189,        9.000
2020,FRA,NER,0.152,        0.023
2020,GHA,NER,2.3,       39.000
2020,CIV,NER,2.314,        4.730
2020,LUX,NER,0.833,        0.394
2020,MYS,NER,0.476,        0.186
2020,MAR,NER,41.925,      193.528
2020,NLD,NER,0.083,        0.010
2020,NGA,NER,9.357,       67.256
2020,POL,NER,0.026,        0.008
2020,IND,NER,0.609,        2.250
2020,ESP,NER,0.623,        0.095
2020,BFA,NER,44.222,      713.500
2020,ALB,NOR,31.417,       23.000
2020,AUT,NOR,2.454,        1.040
2020,BEL,NOR,4468.059,     1002.548
2020,BRA,NOR,9.054,        2.507
2020,DNK,NOR,0.869,        0.820
2020,EST,NOR,4.887,        2.338
2020,FIN,NOR,4.616,        0.840
2020,FRA,NOR,1022.7,       37.664
2020,DEU,NOR,3.153,        1.297
2020,GRC,NOR,1.727,        0.350
2020,ITA,NOR,30.893,       26.430
2020,CIV,NOR,2.099,        2.700
2020,LTU,NOR,0.711,        0.193
2020,MAR,NOR,2801.673,     1646.821
2020,NLD,NOR,29088.888,     9359.958
2020,POL,NOR,222.064,      204.832
2020,PRT,NOR,6.341,        1.400
2020,RUS,NOR,0.103,        0.030
2020,SEN,NOR,659.816,      247.532
2020,ZAF,NOR,0.251,        0.100
2020,ESP,NOR,12040.572,    10530.050
2020,SWE,NOR,8.867,        0.313
2020,TUN,NOR,369.36,       71.280
2020,TUR,NOR,25.54,       22.883
2020,MKD,NOR,23.766,       11.313
2020,EGY,NOR,37.077,       11.954
2020,AFG,PAK,49016.085,   282791.584
2020,BRA,PAK,0.521,        0.240
2020,CHN,PAK,3.604,       22.000
2020,DEU,PAK,10.378,       64.000
2020,IRN,PAK,13726.293,    82445.835
2020,ARE,PAK,7.554,        2.187
2020,USA,PAK,8.96,       56.163
2020,BRA,PHL,1.594,        1.335
2020,CHN,PHL,62.802,       50.040
2020,FRA,PHL,0.028,        0.010
2020,MOZ,PHL,0.037,        0.025
2020,NLD,PHL,0.201,        0.013
2020,USA,PHL,37.53,       11.850
2020,ALB,POL,105.922,      127.754
2020,AZE,POL,231.088,      188.361
2020,AUT,POL,1323.599,      171.487
2020,BEL,POL,2408.237,     2322.231
2020,BRA,POL,0.216,        0.430
2020,BGR,POL,197.876,      102.471
2020,MMR,POL,0.505,        1.680
2020,BLR,POL,175.699,      154.092
2020,CHL,POL,2.774,        2.850
2020,CHN,POL,22.442,       19.435
2020,COL,POL,0.009,        0.001
2020,CZE,POL,14.397,       14.239
2020,DNK,POL,27.568,       15.529
2020,FRA,POL,26202.338,     6739.714
2020,DEU,POL,4777.281,    10493.954
2020,GRC,POL,26.625,       24.110
2020,HUN,POL,0.082,        0.016
2020,ISR,POL,294.663,      167.760
2020,ITA,POL,3531.839,     1655.372
2020,LVA,POL,0.027,        0.014
2020,LTU,POL,29.558,       44.220
2020,MAR,POL,22817.358,    21510.718
2020,NLD,POL,83711.392,    54280.230
2020,PRT,POL,1229.981,      855.964
2020,ROU,POL,238.494,       93.362
2020,RUS,POL,13.365,       17.820
2020,SAU,POL,0.576,        0.153
2020,SEN,POL,1299.115,      593.645
2020,SVN,POL,0.001,           NA
2020,ZAF,POL,4.625,        2.460
2020,ESP,POL,79401.983,    55228.809
2020,SWE,POL,35.776,       18.118
2020,TUN,POL,341.771,      239.469
2020,TUR,POL,9693.388,    10484.806
2020,UKR,POL,1770.516,      874.156
2020,MKD,POL,1071.114,      567.333
2020,EGY,POL,60.64,       44.379
2020,GBR,POL,51.514,       16.399
2020,BEL,PRT,788.927,     1238.550
2020,BRA,PRT,5.202,        3.667
2020,FRA,PRT,550.866,      556.433
2020,DEU,PRT,1610.297,     2645.369
2020,MAR,PRT,2178.655,     1510.114
2020,NLD,PRT,3224.05,     2806.008
2020,POL,PRT,57.493,      102.866
2020,SVK,PRT,77.42,       66.675
2020,ESP,PRT,28974.92,    35044.618
2020,TUR,PRT,0.024,        0.029
2020,UKR,PRT,0.025,        0.016
2020,GBR,PRT,7.348,        1.510
2020,AZE,QAT,50.254,       87.305
2020,AUS,QAT,0.368,        0.085
2020,BEL,QAT,73.447,       17.783
2020,BRA,QAT,0.48,        0.293
2020,FRA,QAT,2.185,        0.400
2020,IDN,QAT,0.026,        0.008
2020,IRN,QAT,13023.173,    44336.092
2020,JOR,QAT,95.691,      237.962
2020,LBN,QAT,234.355,      142.766
2020,MYS,QAT,28.679,       23.000
2020,MAR,QAT,865.722,      876.680
2020,OMN,QAT,54.743,       73.776
2020,NLD,QAT,3682.149,      578.642
2020,IND,QAT,2609.143,     5013.424
2020,ZAF,QAT,38.772,       67.666
2020,ESP,QAT,567.516,      196.304
2020,TUN,QAT,136.451,       55.603
2020,TUR,QAT,1630.824,     4037.126
2020,ALB,ROU,2267.3,     2891.632
2020,AUT,ROU,57.312,       77.672
2020,BEL,ROU,2745.893,      971.735
2020,BGR,ROU,2114.885,     1592.476
2020,HRV,ROU,136.587,      142.914
2020,CZE,ROU,139.476,      110.398
2020,DNK,ROU,0.12,        0.106
2020,FRA,ROU,900.144,      599.658
2020,DEU,ROU,6016.93,     7681.739
2020,GRC,ROU,1315.528,      859.859
2020,HUN,ROU,771.626,      733.892
2020,IRL,ROU,0.029,        0.019
2020,ITA,ROU,2782.233,     2911.816
2020,MLT,ROU,0.103,        0.065
2020,NLD,ROU,14094.253,     8012.541
2020,POL,ROU,1394.42,     2000.229
2020,SRB,ROU,125.046,      258.273
2020,SVK,ROU,3.558,        3.700
2020,SVN,ROU,1.085,        0.084
2020,ESP,ROU,12078.855,     6883.141
2020,SWE,ROU,15.498,       10.424
2020,TUR,ROU,51928.267,    54810.556
2020,MKD,ROU,27.834,       41.584
2020,AZE,RUS,197392.201,   179878.715
2020,ARM,RUS,30232.446,    26163.498
2020,BEL,RUS,623.605,      263.399
2020,BLR,RUS,38779.496,    45017.248
2020,CHN,RUS,50372.531,    43873.312
2020,EST,RUS,0.059,        0.030
2020,GEO,RUS,1387.064,     1834.137
2020,JPN,RUS,0.469,        0.030
2020,KAZ,RUS,20943.537,    21103.060
2020,KOR,RUS,128.802,       17.565
2020,KGZ,RUS,229.826,      790.386
2020,LTU,RUS,1241.654,      804.374
2020,MDA,RUS,176.57,      160.000
2020,MAR,RUS,52042.494,    36024.047
2020,NLD,RUS,5939.017,     2906.070
2020,NOR,RUS,0.436,        0.096
2020,POL,RUS,12.882,       17.820
2020,SEN,RUS,1853.138,      846.357
2020,SRB,RUS,0.005,        0.009
2020,THA,RUS,16.396,        5.213
2020,ARE,RUS,0.003,        0.006
2020,TUN,RUS,1755.243,      830.652
2020,TUR,RUS,61932.142,    65680.790
2020,TKM,RUS,22515.914,    21186.545
2020,UKR,RUS,0.538,        0.216
2020,MKD,RUS,1916.786,     1769.891
2020,EGY,RUS,4658.856,     2893.012
2020,UZB,RUS,20270.867,    29907.167
2020,BRA,SEN,12.407,        0.511
2020,FRA,SEN,28.24,       10.285
2020,DEU,SEN,0.114,        0.180
2020,MRT,SEN,12.555,       48.688
2020,MAR,SEN,1045.021,     2975.586
2020,ESP,SEN,2.847,       10.564
2020,TGO,SEN,0.103,        0.474
2020,TUR,SEN,0.573,        1.650
2020,ALB,SRB,12637.221,    16248.176
2020,BEL,SRB,737.616,     1276.789
2020,BIH,SRB,6.041,        8.596
2020,HRV,SRB,760.798,      697.399
2020,FRA,SRB,0.469,        0.108
2020,GRC,SRB,1007.986,     1576.778
2020,HUN,SRB,5.846,       10.080
2020,ITA,SRB,644.034,      235.386
2020,MDA,SRB,9.069,       18.480
2020,MNE,SRB,8.637,       13.948
2020,MAR,SRB,7.278,        2.239
2020,NLD,SRB,1457.843,     2328.682
2020,POL,SRB,28.827,       71.303
2020,ROU,SRB,9.134,       14.736
2020,SVN,SRB,106.192,      165.167
2020,ESP,SRB,1542.895,     1436.371
2020,TUR,SRB,4642.228,     6245.333
2020,MKD,SRB,5240.587,     6963.047
2020,AUS,SYC,17.128,        0.717
2020,FRA,SYC,4.683,        1.422
2020,KEN,SYC,3.844,        0.600
2020,NAM,SYC,0.113,        0.060
2020,NLD,SYC,1.078,        1.095
2020,ZAF,SYC,6.272,        0.659
2020,ARE,SYC,3.97,        3.840
2020,TUR,SYC,594.882,      231.556
2020,UKR,SYC,0.412,        0.157
2020,EGY,SYC,5.829,        1.059
2020,BRA,IND,1.962,        1.813
2020,MOZ,IND,0.023,        0.002
2020,NLD,IND,71.475,        6.373
2020,ARE,IND,12.579,        6.593
2020,UKR,IND,0.036,        0.020
2020,AUS,SGP,1232.806,      301.821
2020,BEL,SGP,0.022,        0.040
2020,BRA,SGP,27.639,       18.504
2020,MMR,SGP,41.725,       36.779
2020,KHM,SGP,0.002,        0.003
2020,CAN,SGP,0.198,        0.240
2020,CHN,SGP,89.548,       85.505
2020,FRA,SGP,168.522,       20.719
2020,GEO,SGP,9.829,        2.735
2020,DEU,SGP,3.804,        5.140
2020,GRC,SGP,44.692,        7.139
2020,HKG,SGP,0.403,        0.180
2020,IDN,SGP,586.524,      356.900
2020,ITA,SGP,28.55,      127.681
2020,JPN,SGP,371.568,       43.947
2020,KOR,SGP,42.878,        4.214
2020,LBN,SGP,0.11,        0.030
2020,MYS,SGP,26022.162,    36345.695
2020,,SGP,36.744,        6.090
2020,MAR,SGP,0.028,        0.009
2020,MOZ,SGP,0.446,        0.168
2020,NPL,SGP,0.068,        0.040
2020,NLD,SGP,3865.193,      607.997
2020,PAK,SGP,0.006,        0.030
2020,TLS,SGP,0.308,        0.710
2020,IND,SGP,69.356,       68.963
2020,VNM,SGP,300.216,      363.495
2020,ESP,SGP,3.553,        1.644
2020,THA,SGP,585.003,      416.216
2020,TUN,SGP,23.242,        3.860
2020,TUR,SGP,6.552,        1.967
2020,UKR,SGP,1.052,        0.378
2020,GBR,SGP,163.291,       15.160
2020,USA,SGP,12.502,        2.522
2020,ALB,SVK,20.312,       33.747
2020,AUT,SVK,1485.641,      317.680
2020,BEL,SVK,1252.257,      396.807
2020,BRA,SVK,0.044,        0.020
2020,BGR,SVK,22.708,       25.181
2020,HRV,SVK,131.407,      109.608
2020,CZE,SVK,8224.152,     2789.426
2020,FRA,SVK,1054.111,      638.584
2020,DEU,SVK,144.637,      133.073
2020,GRC,SVK,1.104,        3.224
2020,HUN,SVK,5972.499,     2178.530
2020,ITA,SVK,1370.363,     1359.427
2020,MLT,SVK,6.573,        7.608
2020,MRT,SVK,11.141,        4.564
2020,MAR,SVK,3236.297,     2117.284
2020,NLD,SVK,7414.049,     6987.892
2020,POL,SVK,1115.812,      885.778
2020,PRT,SVK,32.722,       23.000
2020,ROU,SVK,4.297,        2.793
2020,SEN,SVK,118.605,       62.136
2020,SRB,SVK,10.122,       26.323
2020,SVN,SVK,184.852,      157.788
2020,ESP,SVK,10713.15,     8352.192
2020,TUN,SVK,280.111,       87.797
2020,TUR,SVK,244.819,      191.847
2020,EGY,SVK,169.428,      116.054
2020,ALB,SVN,422.447,      575.075
2020,AUT,SVN,5645.713,     1596.469
2020,BEL,SVN,130.415,      213.850
2020,BRA,SVN,0.021,        0.004
2020,CHN,SVN,0.007,        0.002
2020,HRV,SVN,3743.786,     2651.885
2020,ECU,SVN,0.01,        0.011
2020,FRA,SVN,75.397,       27.852
2020,DEU,SVN,352.014,      227.617
2020,GRC,SVN,0.371,        0.206
2020,HUN,SVN,0.228,        0.191
2020,ISR,SVN,2.073,        1.556
2020,ITA,SVN,3886.24,     2325.043
2020,MAR,SVN,1037.386,      977.613
2020,NLD,SVN,1660.988,     2665.431
2020,PER,SVN,14.843,        2.907
2020,POL,SVN,137.633,      194.732
2020,PRT,SVN,211.642,      231.105
2020,SRB,SVN,49.01,       68.940
2020,ESP,SVN,1792.307,     1674.303
2020,SUR,SVN,0.331,        0.500
2020,THA,SVN,0.011,        0.003
2020,TUN,SVN,3.709,        3.764
2020,TUR,SVN,268.642,      288.862
2020,MKD,SVN,21.024,       34.614
2020,AUS,ZAF,0.004,        0.001
2020,BRA,ZAF,0.16,        0.093
2020,ITA,ZAF,0.011,        0.024
2020,LSO,ZAF,0.106,        0.200
2020,MAR,ZAF,0.041,        0.013
2020,NAM,ZAF,2610.695,     3016.669
2020,ESP,ZAF,0.196,        0.180
2020,ZAF,ZWE,6.853,       19.310
2020,ZMB,ZWE,0.076,        0.250
2020,AUT,ESP,10.174,        5.144
2020,BEL,ESP,10684.955,    14675.450
2020,BRA,ESP,0.131,        0.115
2020,BGR,ESP,0.557,        0.289
2020,HRV,ESP,282.585,      262.093
2020,CZE,ESP,46.722,       30.415
2020,DNK,ESP,57.751,       43.683
2020,FIN,ESP,40.607,       17.684
2020,FRA,ESP,27275.62,     6513.508
2020,DEU,ESP,2442.087,     1503.937
2020,GRC,ESP,18.13,       16.708
2020,GTM,ESP,0.157,        0.020
2020,HUN,ESP,9.167,        6.460
2020,IRL,ESP,146.642,       64.804
2020,ITA,ESP,411.831,      309.073
2020,CIV,ESP,2.127,        0.534
2020,KEN,ESP,0.071,        0.010
2020,LTU,ESP,200.324,      147.799
2020,LUX,ESP,3.43,        3.700
2020,MLT,ESP,0.085,        0.120
2020,MEX,ESP,0.065,        0.020
2020,MAR,ESP,83483.134,    73370.619
2020,MOZ,ESP,0.027,        0.015
2020,NLD,ESP,26166.962,    30495.535
2020,NZL,ESP,27.147,       50.400
2020,PER,ESP,81.485,       61.604
2020,POL,ESP,1315.839,     1240.426
2020,PRT,ESP,40236.198,    35737.424
2020,ROU,ESP,121.066,       95.308
2020,SEN,ESP,391.473,      387.027
2020,SVK,ESP,276.227,      111.629
2020,SVN,ESP,4.264,        2.879
2020,ZAF,ESP,35.385,       22.984
2020,ZWE,ESP,0.996,        0.126
2020,CHE,ESP,20.541,       12.161
2020,TUR,ESP,0.014,        0.008
2020,GBR,ESP,386.073,      285.174
2020,AND,SWZ,0.147,        2.500
2020,MOZ,SWZ,0.051,        0.600
2020,ZAF,SWZ,563.226,     1303.183
2020,ALB,SWE,293.682,      348.089
2020,BEL,SWE,2196.385,      860.871
2020,BRA,SWE,0.04,        0.035
2020,DNK,SWE,2679.146,     1081.597
2020,FIN,SWE,8.58,        9.534
2020,FRA,SWE,28849.132,    13606.240
2020,DEU,SWE,3457.803,     2361.223
2020,GRC,SWE,1.551,        1.571
2020,ITA,SWE,1016.13,      382.680
2020,LTU,SWE,0.017,        0.012
2020,MAR,SWE,816.368,      645.743
2020,NLD,SWE,83191.364,    52115.630
2020,POL,SWE,723.857,      704.808
2020,SRB,SWE,14.983,        9.152
2020,ESP,SWE,34789.335,    15975.694
2020,TUR,SWE,215.284,      236.422
2020,MKD,SWE,39.022,       45.004
2020,GBR,SWE,1.146,        1.000
2020,USA,SWE,0.203,        0.115
2020,ALB,CHE,33.166,       50.006
2020,AUT,CHE,158.006,       57.475
2020,BEL,CHE,2938.625,     1574.157
2020,BRA,CHE,0.977,        0.126
2020,ECU,CHE,4.733,        3.600
2020,EST,CHE,0.351,        0.456
2020,FIN,CHE,0.056,        0.001
2020,FRA,CHE,7970.027,      916.387
2020,DEU,CHE,184.1,       12.768
2020,GRC,CHE,0.335,        0.236
2020,ISR,CHE,0.692,        0.055
2020,ITA,CHE,24782.788,     7578.050
2020,MAR,CHE,7819.974,     6244.830
2020,MOZ,CHE,0.586,        0.260
2020,NLD,CHE,10650.979,     4374.713
2020,PAK,CHE,0.134,        0.084
2020,PER,CHE,6.606,        3.730
2020,POL,CHE,4.988,        4.170
2020,PRT,CHE,68.994,       43.743
2020,SEN,CHE,5.418,        1.654
2020,ZAF,CHE,0.95,        0.105
2020,ESP,CHE,23012.649,    20830.069
2020,THA,CHE,0.827,        0.141
2020,ARE,CHE,0.019,        0.004
2020,TUN,CHE,45.116,       20.508
2020,TUR,CHE,90.274,      107.909
2020,UKR,CHE,0.015,           NA
2020,EGY,CHE,3.586,        1.173
2020,GBR,CHE,0.079,        0.012
2020,TZA,CHE,1.257,        0.562
2020,UZB,CHE,71.946,        7.788
2020,BRA,THA,1.941,        0.588
2020,MMR,THA,82.4,        1.648
2020,CHN,THA,354.988,      683.341
2020,FRA,THA,3.611,        0.883
2020,MYS,THA,142.783,      579.925
2020,NLD,THA,4.443,        0.776
2020,NZL,THA,82.992,       10.484
2020,USA,THA,200.25,       62.808
2020,CHN,TGO,1.571,        2.050
2020,GHA,TGO,0.191,        0.100
2020,UKR,TGO,0.39,        0.218
2020,BFA,TGO,45.879,      201.190
2020,AFG,ARE,5.579,        3.215
2020,ALB,ARE,66.878,       21.740
2020,DZA,ARE,4.748,        3.871
2020,AZE,ARE,461.025,     1175.710
2020,ARG,ARE,0.081,        0.005
2020,BGD,ARE,3.86,        2.000
2020,ARM,ARE,36.259,       17.760
2020,BEL,ARE,664.573,      195.128
2020,BRA,ARE,0.065,        0.020
2020,SLB,ARE,0.027,        0.004
2020,LKA,ARE,0.622,        3.500
2020,CHL,ARE,1.282,        0.230
2020,CHN,ARE,0.476,        0.421
2020,COL,ARE,2.108,        0.295
2020,CYP,ARE,0.014,        0.005
2020,ETH,ARE,0.006,        0.002
2020,FRA,ARE,512.266,      134.380
2020,GEO,ARE,0.13,        0.021
2020,PSE,ARE,52.237,       96.800
2020,DEU,ARE,0.123,        0.028
2020,GRC,ARE,110.679,       78.801
2020,IDN,ARE,0.063,        0.038
2020,IRN,ARE,3100.066,    44368.000
2020,IRQ,ARE,10.442,       10.000
2020,ISR,ARE,15.429,        2.069
2020,ITA,ARE,88.283,       53.852
2020,JPN,ARE,1.236,        0.178
2020,KAZ,ARE,6.104,        1.302
2020,JOR,ARE,13497.588,     8189.486
2020,KEN,ARE,0.512,        0.192
2020,KOR,ARE,0.069,        0.139
2020,LBN,ARE,302.177,      277.458
2020,MAC,ARE,0.389,        9.000
2020,MYS,ARE,1432.459,     1820.225
2020,MUS,ARE,0.108,        0.048
2020,MEX,ARE,38.506,       17.178
2020,MAR,ARE,3282.065,     1937.743
2020,MOZ,ARE,1.992,        0.193
2020,OMN,ARE,1107.582,    14008.500
2020,NPL,ARE,2.366,        0.832
2020,NLD,ARE,11352.582,     2818.929
2020,NGA,ARE,0.186,        0.232
2020,PAK,ARE,46.547,       74.763
2020,PER,ARE,9.733,        1.415
2020,POL,ARE,17.503,        5.125
2020,PRT,ARE,22.509,        8.625
2020,ROU,ARE,0.122,        3.000
2020,RUS,ARE,4.381,        5.186
2020,RWA,ARE,0.213,        0.032
2020,SAU,ARE,24.095,       40.632
2020,SEN,ARE,81.054,       20.146
2020,IND,ARE,9235.072,    20132.109
2020,SGP,ARE,1.064,        0.262
2020,ZAF,ARE,1.335,        0.100
2020,ESP,ARE,1743.83,      945.082
2020,SWE,ARE,0.502,        0.105
2020,SYR,ARE,1444.401,     2770.880
2020,TJK,ARE,0.645,        0.250
2020,THA,ARE,0.628,        0.164
2020,TUN,ARE,1023.319,      416.266
2020,TUR,ARE,5325.788,    10355.340
2020,TKM,ARE,96.978,       69.990
2020,UGA,ARE,0.28,        0.068
2020,UKR,ARE,4.514,        7.038
2020,EGY,ARE,4384.272,     7817.290
2020,GBR,ARE,750.551,       46.636
2020,USA,ARE,20.736,        4.910
2020,UZB,ARE,367.322,      696.808
2020,BRA,TUR,2.846,        2.269
2020,BGR,TUR,30.577,       33.855
2020,BLR,TUR,17.333,       26.598
2020,CYP,TUR,6.471,        7.196
2020,GEO,TUR,7.771,       36.331
2020,GRC,TUR,17.251,       21.000
2020,IRN,TUR,3.515,       18.200
2020,IRQ,TUR,66.807,      275.845
2020,ISR,TUR,274.167,      364.144
2020,JOR,TUR,0.881,        0.700
2020,MNE,TUR,7.393,        9.380
2020,MOZ,TUR,0.229,        0.166
2020,NLD,TUR,0.822,        0.540
2020,ROU,TUR,29.194,       34.000
2020,RUS,TUR,3447.793,     3081.876
2020,UKR,TUR,3.751,       23.111
2020,ALB,UKR,32.538,       37.701
2020,AZE,UKR,1627.308,     3484.925
2020,ARM,UKR,36.872,       35.644
2020,BEL,UKR,327.289,      221.836
2020,BLR,UKR,1147.778,     1676.382
2020,FRA,UKR,485.35,      113.013
2020,GEO,UKR,403.28,      590.557
2020,HUN,UKR,31.987,       36.960
2020,IRN,UKR,11.576,       13.513
2020,ITA,UKR,6.56,       21.302
2020,JOR,UKR,1.69,        1.058
2020,LBN,UKR,0.109,        0.093
2020,LTU,UKR,14.627,       18.000
2020,MAR,UKR,925.532,      675.735
2020,NLD,UKR,2736.444,     2227.508
2020,POL,UKR,10032.767,    10480.627
2020,RUS,UKR,4963.337,    17109.447
2020,SEN,UKR,228.943,       67.189
2020,ESP,UKR,756.028,      527.318
2020,TUN,UKR,11.577,        8.147
2020,TUR,UKR,37520.137,    68512.700
2020,EGY,UKR,103.616,       62.378
2020,UZB,UKR,74.378,      155.908
2020,ALB,MKD,3374.13,     5772.311
2020,FRA,MKD,0.002,        0.004
2020,GRC,MKD,122.022,      237.662
2020,ITA,MKD,14.266,       16.757
2020,NLD,MKD,0.02,        0.035
2020,POL,MKD,0.644,        0.312
2020,SRB,MKD,14.961,       31.621
2020,ESP,MKD,0.211,        0.338
2020,TUR,MKD,830.188,     1837.935
2020,AUT,GBR,0.124,        0.052
2020,BEL,GBR,20014.741,    13657.653
2020,BRA,GBR,6.789,        5.238
2020,BGR,GBR,54.625,       48.712
2020,CHL,GBR,2.272,        1.330
2020,FRA,GBR,36879.343,    14924.872
2020,DEU,GBR,5267.074,    12205.762
2020,GRC,GBR,31.758,       24.407
2020,HUN,GBR,0.063,        0.015
2020,IRL,GBR,963.865,      537.826
2020,ITA,GBR,9564.572,     4559.365
2020,KEN,GBR,0.355,        0.550
2020,LBN,GBR,0.029,        0.034
2020,LVA,GBR,4.012,        1.839
2020,LTU,GBR,17.647,        8.685
2020,MNE,GBR,0.09,        0.050
2020,MAR,GBR,111818.374,    77996.823
2020,MOZ,GBR,0.225,        0.135
2020,NAM,GBR,0.033,        0.015
2020,NLD,GBR,255987.203,   151653.150
2020,POL,GBR,7842.858,     2836.525
2020,PRT,GBR,4348.668,     2465.629
2020,ROU,GBR,16.524,       11.392
2020,SEN,GBR,1547.222,      782.437
2020,ESP,GBR,135492.874,    92732.797
2020,TUN,GBR,15.2,       20.750
2020,TUR,GBR,393.745,      372.341
2020,UKR,GBR,0.479,        0.252
2020,EGY,GBR,373.115,      317.659
2020,URY,GBR,11.55,        4.676
2020,BRA,USA,0.787,        8.891
2020,CAN,USA,445159.912,   156072.532
2020,COL,USA,0.977,        1.220
2020,DNK,USA,2.218,        0.042
2020,DOM,USA,19399.555,    10272.574
2020,ECU,USA,137.846,       85.590
2020,FRA,USA,90.325,       63.534
2020,GTM,USA,20073.012,     8976.890
2020,ITA,USA,2.859,        0.500
2020,MUS,USA,36.618,       24.453
2020,MEX,USA,2386181.43,  1668601.430
2020,MOZ,USA,0.105,        0.055
2020,NLD,USA,29.21,        2.100
2020,NZL,USA,253.089,       69.913
2020,FSM,USA,77.911,       31.063
2020,PER,USA,64.781,       69.005
2020,IND,USA,13.353,       12.547
2020,ESP,USA,840.424,      255.815
2020,UGA,USA,0.792,        0.525
2020,UKR,USA,0.056,        0.028
2020,FRA,BFA,1.618,        0.442
2020,GHA,BFA,18.301,     1757.781
2020,MAR,BFA,24.25,       95.722
2020,NER,BFA,1.042,       10.000
2020,ARG,URY,3.518,        6.255
2020,CHN,UZB,122.927,      146.370
2020,KAZ,UZB,1.968,        2.040
2020,RUS,UZB,1.194,        0.980
2020,MNE,ZMB,0.013,        0.015
2020,ZAF,ZMB,3.542,        3.382
2020,TZA,ZMB,1.427,        0.500
2020,BRA,BMU,1.947,        1.118
2020,NLD,BMU,0.821,        0.081
2020,GBR,BMU,0.291,        0.061
2020,USA,BMU,463.666,      393.894
2020,BEL,BDI,0.004,        0.024
2020,PRT,CPV,179.255,      142.741
2020,ESP,CPV,107.956,      110.090
2020,FRA,BEN,1.098,        0.488
2020,NGA,BEN,0.764,      160.000
2020,BRA,GUY,3.825,        3.640
2020,USA,GUY,4.872,       24.863
2020,FRA,CIV,21.733,        5.435
2020,MAR,CIV,44.62,       96.827
2020,ZAF,CIV,1.474,        1.704
2020,AUS,MAC,8.004,        1.534
2020,BEL,MAC,7.305,        1.462
2020,CHN,MAC,1108.223,     4382.226
2020,FRA,MAC,6.089,        1.742
2020,HKG,MAC,3.877,        0.657
2020,IDN,MAC,0.177,        0.021
2020,ISR,MAC,82.414,       12.853
2020,ITA,MAC,5.973,        0.921
2020,JPN,MAC,33.62,        3.305
2020,KOR,MAC,0.262,        0.022
2020,MEX,MAC,0.703,        0.090
2020,,MAC,16.964,        1.880
2020,MAR,MAC,4.507,        0.774
2020,NLD,MAC,129.951,       20.968
2020,VNM,MAC,2.785,        2.560
2020,ESP,MAC,22.504,        4.103
2020,THA,MAC,5.239,        2.243
2020,TUN,MAC,1.394,        0.281
2020,TUR,MAC,0.104,        0.025
2020,USA,MAC,0.168,        0.027
2020,BRA,MNG,0.03,        0.036
2020,CHN,MNG,682.648,      419.535
2020,KAZ,MNG,3.395,        9.961
2020,KOR,MNG,17.65,        3.579
2020,RUS,MNG,3.641,       11.007
2020,UZB,MNG,1.771,        4.850
2020,BRA,MHL,69.083,       50.587
2020,,MHL,1.565,        0.613
2020,MOZ,MHL,0.853,        0.184
2020,TUR,MHL,0.014,        0.017
2020,UKR,MHL,1.521,        0.678
2020,BRA,PAN,47.852,       41.456
2020,DOM,PAN,0.005,        0.005
2020,MNE,PAN,0.068,        0.055
2020,MOZ,PAN,0.46,        0.113
2020,TUR,PAN,0.077,        0.107
2020,UKR,PAN,0.861,        0.415
2020,USA,PAN,29.509,       15.919
2020,ARG,PRY,1989.648,    23969.781
2020,BRA,PRY,227.938,     5419.740
2020,NLD,UGA,7.87,        1.258
2020,ZAF,UGA,0.731,        1.219
2020,ARE,UGA,0.093,        0.023
2020,NLD,EGY,13.396,        2.800
2020,UKR,EGY,0.124,        0.058
2020,GRC,ALB,350.243,      575.574
2020,ITA,ALB,192.948,      535.007
2020,MNE,ALB,3.474,        7.553
2020,TUR,ALB,590.209,     1176.757
2020,BRA,VNM,0.27,        0.220
2020,CHN,VNM,30510.568,    13154.661
2020,,VNM,0.238,        0.159
2020,USA,VNM,353.49,      133.379
2020,BRA,BLZ,0.888,        0.732
2020,UKR,BLZ,0.094,        0.056
2020,USA,BLZ,1.611,        0.896
2020,NZL,KIR,10.475,        9.900
2020,PAK,AFG,3596.972,    14526.961
2020,IND,AFG,23.058,      105.000
2020,ARE,AFG,1644.894,      367.738
2020,UZB,AFG,43.733,       92.290
2020,TUR,DZA,0.021,        0.025
2020,BRA,AGO,0.006,        0.015
2020,NAM,AGO,0.6,        0.806
2020,PRT,AGO,17.428,        7.077
2020,ZAF,AGO,45.139,       97.979
2020,BRA,BHR,1.508,        0.960
2020,JOR,BHR,13549.805,     8485.107
2020,KEN,BHR,0.028,        0.010
2020,LBN,BHR,12.794,        5.761
2020,MAR,BHR,95.945,       30.593
2020,NLD,BHR,1650.287,       86.860
2020,IND,BHR,72.047,      128.029
2020,ESP,BHR,3.229,        0.784
2020,ARE,BHR,2484.558,     3320.450
2020,AUS,BGD,0.283,        0.056
2020,BRA,BGD,0.233,        0.100
2020,CHN,BGD,0.296,        0.090
2020,NLD,BGD,23.431,        8.969
2020,IND,BGD,16794.083,    42664.170
2020,THA,BGD,0.005,        0.015
2020,ARE,BGD,2.611,        3.499
2020,BRA,CYM,1.821,        1.091
2020,UKR,CYM,0.036,        0.026
2020,USA,CYM,954.615,      334.182
2020,BEL,GHA,0.062,        0.018
2020,FRA,GHA,0.368,        0.144
2020,LUX,GHA,1.418,        0.249
2020,NLD,GHA,11.788,        7.990
2020,NER,GHA,2.085,       25.000
2020,BRA,GIB,0.645,        0.455
2020,NLD,GIB,132.353,       78.847
2020,ESP,GIB,319.006,      191.063
2020,FRA,GIN,1.038,        0.192
2020,LBN,GIN,0.087,        0.180
2020,MAR,GIN,4.968,       21.650
2020,BRA,IRN,0.771,        1.030
2020,QAT,IRN,31.348,       93.670
2020,TUR,IRN,137.384,      332.175
2020,DEU,IRQ,0.653,        0.081
2020,NLD,IRQ,75.185,       22.762
2020,IND,IRQ,14.403,       42.000
2020,ARE,IRQ,6.582,       57.550
2020,TUR,IRQ,12194.568,    33394.800
2020,BRA,LBY,0.145,        0.120
2020,NLD,LBY,1.538,        0.302
2020,LKA,MDV,42.27,       34.616
2020,CHN,MDV,0.236,        0.095
2020,FRA,MDV,1.82,        0.535
2020,DEU,MDV,16.539,        3.371
2020,IDN,MDV,0.09,        0.255
2020,MYS,MDV,22.708,        8.309
2020,NLD,MDV,250.592,       25.953
2020,IND,MDV,957.173,     1572.754
2020,SGP,MDV,1.653,        0.190
2020,THA,MDV,0.14,        0.031
2020,ARE,MDV,0.727,        0.062
2020,TUR,MDV,47.602,       30.240
2020,BRA,MEX,0.059,        0.020
2020,USA,MEX,3047.703,     3272.535
2020,JOR,OMN,8403.044,     5262.122
2020,LBN,OMN,2.901,        3.978
2020,MYS,OMN,112.153,      118.000
2020,MAR,OMN,79.084,       67.378
2020,NLD,OMN,1518.508,      218.460
2020,IND,OMN,1823.03,     3028.854
2020,ZAF,OMN,0.119,        0.020
2020,ARE,OMN,785.392,     1227.038
2020,TUR,OMN,799.507,     2196.350
2020,GBR,OMN,21.616,        5.565
2020,COL,ABW,288.698,      272.879
2020,CRI,ABW,4.749,        5.136
2020,DOM,ABW,2.059,        2.300
2020,USA,ABW,109.308,       49.699
2020,FRA,NGA,2.398,        0.313
2020,LUX,NGA,1.931,        0.418
2020,NLD,NGA,207.813,       34.844
2020,ZAF,NGA,0.272,        0.111
2020,AUS,PNG,39.485,       11.881
2020,BRA,SAU,0.842,        0.591
2020,IDN,SAU,0.031,        0.009
2020,JOR,SAU,39157.937,    24521.334
2020,LBN,SAU,198.877,      395.126
2020,MYS,SAU,49.961,       46.888
2020,MAR,SAU,4778.499,     7039.124
2020,NLD,SAU,5760.526,      974.246
2020,IND,SAU,268.556,      422.612
2020,ESP,SAU,175.344,       38.568
2020,ARE,SAU,581.688,      811.789
2020,TUR,SAU,6073.426,    18469.730
2020,FRA,SLE,0.447,        0.183
2020,NLD,SLE,2.718,        0.343
2020,UKR,SLE,0.018,        0.010
2020,KGZ,TJK,0.081,        0.200
2020,UZB,TJK,3902.856,     5666.200
2020,,TTO,0.952,        0.400
2020,USA,TTO,410.566,      192.187
2020,ESP,AND,574.133,      464.465
2020,BRA,ATG,2.369,        1.619
2020,NLD,ATG,5.208,        0.700
2020,TUR,ATG,0.032,        0.049
2020,UKR,ATG,0.148,        0.052
2020,USA,ATG,36.119,       11.092
2020,BRA,BHS,16.932,       12.302
2020,DOM,BHS,1.206,        1.050
2020,MOZ,BHS,0.108,        0.040
2020,RUS,BHS,0.312,        0.145
2020,TUR,BHS,0.008,        0.011
2020,UKR,BHS,0.171,        0.093
2020,USA,BHS,1356.212,      516.258
2020,BRA,CMR,0.131,        0.036
2020,FRA,CMR,8.894,        2.534
2020,UKR,CMR,0.011,        0.006
2020,BEL,COD,26.229,        3.782
2020,FRA,COD,1.257,        0.217
2020,NLD,COD,5.572,        0.733
2020,ZAF,COD,23.878,       26.882
2020,UGA,COD,61.746,       61.158
2020,ZMB,COD,1.019,        0.040
2020,NLD,GNQ,2.286,        0.591
2020,ESP,GNQ,6.405,        3.147
2020,BRA,DJI,0.118,        0.070
2020,ETH,DJI,1832.952,     8577.335
2020,FRA,DJI,18.888,        9.347
2020,ARE,DJI,1.512,        1.817
2020,TUR,DJI,0.018,        0.020
2020,FRA,GAB,76.046,       20.830
2020,ESP,GAB,0.284,        0.131
2020,MAR,GMB,4.528,       16.334
2020,NLD,GMB,2.765,        0.142
2020,ARE,GMB,0.04,        0.039
2020,DOM,HTI,322.236,      872.745
2020,GTM,HND,295.657,      263.271
2020,UKR,HND,0.017,        0.010
2020,BRA,LBR,59.464,       43.252
2020,FRA,LBR,0.104,        0.024
2020,LBN,LBR,1.326,        2.000
2020,MAR,LBR,8.326,        4.477
2020,NLD,LBR,1.023,        0.556
2020,RUS,LBR,0.6,        0.195
2020,TUR,LBR,0.136,        0.181
2020,UKR,LBR,2.304,        0.951
2020,FRA,MLI,0.373,        0.056
2020,MAR,MLI,318.782,      342.783
2020,NLD,MLI,1.75,        0.448
2020,IND,NPL,3814.487,    23938.613
2020,FRA,SXM,145.891,       24.485
2020,JAM,SXM,0.088,        0.103
2020,NLD,SXM,136.879,       11.363
2020,USA,SXM,19.655,        7.970
2020,FRA,LCA,1.48,        0.363
2020,NLD,LCA,6.767,        0.900
2020,TUR,SYR,17599.38,    80329.300
2020,MWI,TZA,0.271,        1.500
2020,ZAF,TZA,3.126,        6.815
2020,UGA,TZA,0.989,        6.000
2020,UKR,TZA,0.009,        0.005
2020,NZL,ASM,4.647,        1.950
2020,IND,BTN,226.163,      359.909
2020,DOM,VGB,2.894,        2.323
2020,UKR,VGB,0.218,        0.132
2020,USA,VGB,61.549,       17.076
2020,LBN,CAF,0.133,        0.057
2020,FRA,TCD,2.654,        0.385
2020,AUS,COK,0.106,        0.018
2020,BRA,COK,0.15,        0.090
2020,FRA,COK,0.014,        0.011
2020,NZL,COK,25.813,       10.919
2020,BRA,FLK,0.11,        0.040
2020,ZAF,FLK,0.041,        0.050
2020,AUS,FJI,75.658,       21.068
2020,,FJI,0.204,        0.120
2020,NZL,FJI,155.952,       83.162
2020,KOR,GUM,4.49,        0.691
2020,CHN,LAO,56.828,       60.330
2020,VNM,LAO,26.045,       16.310
2020,THA,LAO,34.607,       83.917
2020,ZAF,LSO,1790.467,     4399.217
2020,AUS,NRU,24.42,        8.054
2020,COL,CUW,221.434,      367.781
2020,DOM,CUW,608.275,      706.419
2020,NLD,CUW,7.432,        3.661
2020,USA,CUW,5.717,        1.620
2020,AUS,NCL,122.858,       46.767
2020,NZL,NCL,642.979,      303.564
2020,AUS,VUT,11.773,        4.910
2020,BRA,VUT,0.032,        0.040
2020,NZL,VUT,7.233,        3.825
2020,UKR,VUT,0.014,        0.010
2020,BRA,NIU,0.035,        0.060
2020,NZL,NIU,3.684,        1.117
2020,KOR,MNP,11.116,        1.155
2020,KOR,PLW,0.306,        0.178
2020,,PLW,6.772,        1.556
2020,NZL,PLW,0.224,        0.029
2020,MYS,TLS,0.333,        0.125
2020,KEN,RWA,25.196,       91.600
2020,ZAF,SHN,1.072,        0.688
2020,UKR,KNA,0.076,        0.038
2020,BRB,VCT,2.872,        5.123
2020,BRA,VCT,0.036,        0.030
2020,FRA,VCT,0.434,        0.038
2020,NAM,VCT,0.025,        0.020
2020,UKR,VCT,0.152,        0.040
2020,PRT,STP,0.069,        0.010
2020,ETH,SOM,2106.93,     5946.096
2020,KEN,SOM,20.286,       16.100
2020,KEN,SSD,0.069,        0.025
2020,UGA,SSD,499.927,      617.555
2020,ZAF,SDN,0.004,        0.001
2020,NZL,TON,58.843,       25.765
2020,BRA,TCA,0.29,        0.145
2020,DOM,TCA,1.614,        3.415
2020,USA,TCA,393.193,      104.599
2020,BRA,TUV,0.026,        0.040
2020,NZL,WLF,3.526,        1.393
2020,NZL,WSM,82.277,       26.299
2020,DNK,GRL,317.157,      106.964
2020,ISL,GRL,44.535,       21.070
2020,BRA,PRK,0.004,        0.010
2020,CHN,PRK,2.822,        4.028
2020,USA,ATF,129.862,       39.628
2020,CAN,SPM,21.352,       12.317
